model,h,mae,rmse,mae_ratio,crps,cov90
blend,1,0.125837,0.174873,0.375123,0.042581,0.898089
blend,2,0.224587,0.310823,0.352636,0.075722,0.878981
blend,3,0.319246,0.429240,0.354929,0.106227,0.885350
blend,4,0.395316,0.548563,0.356207,0.132988,0.891720
blend,5,0.455534,0.651245,0.363092,0.156498,0.885350
blend,6,0.521480,0.763548,0.391887,0.186097,0.878981
blend,7,0.598427,0.871564,0.445150,0.208097,0.885350
blend,8,0.689886,0.983623,0.526040,0.238599,0.872611
blend,9,0.773042,1.084098,0.615334,0.265872,0.885350
blend,10,0.869434,1.186795,0.709308,0.293818,0.885350
blend,11,0.961175,1.282922,0.778790,0.315577,0.872611
blend,12,1.068688,1.389548,0.831672,0.351853,0.885350
blend,13,1.173887,1.501847,0.858999,0.381880,0.878981
blend,14,1.289335,1.616675,0.861414,0.415393,0.878981
blend,15,1.383894,1.709440,0.847262,0.438677,0.872611
blend,16,1.472744,1.816607,0.837568,0.464857,0.872611
blend,17,1.552098,1.896800,0.836310,0.487802,0.866242
blend,18,1.614732,1.959212,0.845074,0.506441,0.859873
blend,19,1.713165,2.065698,0.886527,0.531607,0.859873
blend,20,1.795520,2.151643,0.938607,0.555677,0.872611
blend,21,1.861519,2.220525,0.993341,0.569478,0.866242
blend,22,1.921807,2.288662,1.052785,0.585900,0.859873
blend,23,1.967488,2.335574,1.091128,0.591378,0.859873
blend,24,1.998515,2.368285,1.114354,0.604155,0.859873
blend_swe,1,0.123836,0.169756,0.369156,0.041231,0.885350
blend_swe,2,0.224099,0.302089,0.351871,0.075082,0.878981
blend_swe,3,0.313420,0.423212,0.348452,0.103012,0.885350
blend_swe,4,0.401295,0.547215,0.361595,0.135709,0.872611
blend_swe,5,0.486580,0.665610,0.387838,0.165376,0.872611
blend_swe,6,0.574590,0.779444,0.431798,0.194516,0.885350
blend_swe,7,0.658948,0.879823,0.490169,0.220836,0.891720
blend_swe,8,0.753339,0.985175,0.574423,0.249376,0.885350
blend_swe,9,0.819898,1.073512,0.652631,0.273088,0.872611
blend_swe,10,0.890760,1.158858,0.726707,0.297624,0.878981
blend_swe,11,0.965224,1.245810,0.782071,0.317997,0.885350
blend_swe,12,1.067403,1.341088,0.830672,0.345543,0.878981
blend_swe,13,1.171241,1.445898,0.857063,0.373933,0.891720
blend_swe,14,1.275461,1.558737,0.852145,0.412087,0.866242
blend_swe,15,1.362463,1.644720,0.834141,0.433854,0.872611
blend_swe,16,1.442034,1.730304,0.820103,0.462547,0.866242
blend_swe,17,1.483514,1.807434,0.799355,0.481683,0.859873
blend_swe,18,1.534914,1.880385,0.803301,0.495256,0.866242
blend_swe,19,1.589738,1.952220,0.822656,0.504509,0.859873
blend_swe,20,1.645039,2.007288,0.859943,0.524417,0.872611
blend_swe,21,1.690327,2.060323,0.901989,0.545615,0.859873
blend_swe,22,1.755563,2.114059,0.961714,0.546536,0.859873
blend_swe,23,1.810994,2.167048,1.004340,0.560887,0.859873
blend_swe,24,1.855104,2.225482,1.034390,0.578534,0.847134
drift_12m,1,0.338748,0.418805,1.009815,0.105084,0.878981
drift_12m,2,0.640601,0.802212,1.005843,0.199329,0.872611
drift_12m,3,0.921714,1.138523,1.024737,0.287685,0.891720
drift_12m,4,1.151006,1.415806,1.037137,0.353824,0.878981
drift_12m,5,1.329659,1.632646,1.059831,0.408654,0.878981
drift_12m,6,1.438018,1.790037,1.080656,0.450902,0.885350
drift_12m,7,1.496206,1.898020,1.112977,0.479495,0.878981
drift_12m,8,1.510724,1.969027,1.151931,0.499934,0.885350
drift_12m,9,1.510886,2.024277,1.202651,0.514342,0.878981
drift_12m,10,1.568674,2.090227,1.279768,0.536440,0.872611
drift_12m,11,1.674079,2.196069,1.356419,0.574622,0.866242
drift_12m,12,1.810337,2.357355,1.408837,0.624342,0.872611
drift_12m,13,2.002705,2.573365,1.465492,0.679306,0.866242
drift_12m,14,2.216018,2.823019,1.480537,0.734924,0.859873
drift_12m,15,2.432318,3.078489,1.489139,0.795653,0.853503
drift_12m,16,2.640772,3.319907,1.501841,0.875438,0.853503
drift_12m,17,2.813462,3.535828,1.515965,0.939405,0.866242
drift_12m,18,2.938679,3.722455,1.537964,0.976373,0.859873
drift_12m,19,3.031568,3.878856,1.568773,1.017034,0.853503
drift_12m,20,3.114607,4.013286,1.628160,1.056278,0.847134
drift_12m,21,3.200679,4.136900,1.707941,1.096809,0.840764
drift_12m,22,3.305868,4.262136,1.810987,1.124994,0.840764
drift_12m,23,3.446153,4.401740,1.911166,1.159368,0.859873
drift_12m,24,3.607085,4.564489,2.011279,1.192869,0.859873
drift_24m,1,0.338431,0.424948,1.008870,0.105824,0.878981
drift_24m,2,0.645605,0.812203,1.013701,0.203015,0.885350
drift_24m,3,0.920847,1.148487,1.023774,0.287342,0.891720
drift_24m,4,1.148051,1.420355,1.034474,0.360393,0.891720
drift_24m,5,1.316646,1.625879,1.049459,0.412466,0.872611
drift_24m,6,1.419812,1.766474,1.066975,0.447853,0.885350
drift_24m,7,1.468192,1.848880,1.092139,0.468172,0.885350
drift_24m,8,1.479578,1.886199,1.128182,0.479368,0.885350
drift_24m,9,1.468313,1.901338,1.168764,0.487748,0.885350
drift_24m,10,1.495442,1.925741,1.220023,0.503978,0.872611
drift_24m,11,1.564341,1.994952,1.267504,0.529631,0.859873
drift_24m,12,1.696523,2.128451,1.320264,0.592274,0.821656
drift_24m,13,1.871566,2.322315,1.369530,0.649087,0.821656
drift_24m,14,2.065875,2.550354,1.380225,0.701852,0.815287
drift_24m,15,2.245972,2.780953,1.375052,0.767074,0.821656
drift_24m,16,2.410998,2.991715,1.371165,0.810909,0.821656
drift_24m,17,2.548301,3.168306,1.373090,0.859448,0.821656
drift_24m,18,2.667467,3.308458,1.396025,0.896703,0.828025
drift_24m,19,2.772052,3.411943,1.434479,0.931330,0.821656
drift_24m,20,2.854558,3.488739,1.492219,0.954475,0.840764
drift_24m,21,2.934119,3.553037,1.565700,0.990155,0.828025
drift_24m,22,3.006181,3.622941,1.646815,0.997292,0.847134
drift_24m,23,3.090617,3.713214,1.713993,1.034251,0.847134
drift_24m,24,3.183235,3.831999,1.774944,1.064025,0.853503
drift_60m,1,0.334733,0.418066,0.997845,0.103292,0.891720
drift_60m,2,0.640539,0.793966,1.005746,0.197386,0.878981
drift_60m,3,0.901287,1.115217,1.002027,0.278456,0.891720
drift_60m,4,1.118765,1.369208,1.008086,0.343293,0.878981
drift_60m,5,1.271593,1.553496,1.013549,0.386568,0.872611
drift_60m,6,1.353739,1.668471,1.017321,0.416758,0.891720
drift_60m,7,1.377849,1.720595,1.024935,0.431713,0.872611
drift_60m,8,1.360823,1.721746,1.037631,0.436099,0.878981
drift_60m,9,1.335197,1.692440,1.062804,0.428242,0.872611
drift_60m,10,1.323789,1.663753,1.079983,0.425757,0.859873
drift_60m,11,1.352517,1.673690,1.095874,0.438490,0.859873
drift_60m,12,1.412465,1.747527,1.099205,0.462475,0.828025
drift_60m,13,1.524341,1.886203,1.115446,0.489724,0.847134
drift_60m,14,1.664717,2.064131,1.112209,0.538564,0.853503
drift_60m,15,1.814837,2.247235,1.111098,0.585040,0.853503
drift_60m,16,1.958862,2.409656,1.114030,0.626027,0.866242
drift_60m,17,2.069705,2.535652,1.115210,0.660603,0.866242
drift_60m,18,2.147450,2.619296,1.123873,0.690222,0.891720
drift_60m,19,2.194648,2.659752,1.135684,0.693660,0.872611
drift_60m,20,2.204545,2.664770,1.152425,0.707434,0.872611
drift_60m,21,2.201648,2.648546,1.174839,0.705640,0.885350
drift_60m,22,2.201011,2.631396,1.205735,0.716792,0.878981
drift_60m,23,2.228086,2.633680,1.235651,0.727015,0.859873
drift_60m,24,2.281650,2.670517,1.272228,0.774072,0.853503
ets_add_noseas,1,0.208875,0.265821,0.622660,0.065244,0.878981
ets_add_noseas,2,0.550445,0.682099,0.864284,0.168791,0.878981
ets_add_noseas,3,0.995101,1.214413,1.106327,0.299978,0.885350
ets_add_noseas,4,1.503958,1.804533,1.355171,0.450693,0.891720
ets_add_noseas,5,2.065495,2.421000,1.646344,0.610492,0.891720
ets_add_noseas,6,2.589244,3.023173,1.945790,0.760733,0.891720
ets_add_noseas,7,3.080662,3.579560,2.291601,0.899357,0.885350
ets_add_noseas,8,3.469174,4.055648,2.645254,1.022697,0.885350
ets_add_noseas,9,3.749776,4.422276,2.984787,1.114691,0.885350
ets_add_noseas,10,3.923286,4.667019,3.200725,1.177427,0.885350
ets_add_noseas,11,4.023220,4.820796,3.259807,1.210906,0.891720
ets_add_noseas,12,4.107773,4.941205,3.196743,1.238518,0.885350
ets_add_noseas,13,4.215961,5.122691,3.085055,1.292600,0.885350
ets_add_noseas,14,4.428017,5.449254,2.958389,1.370749,0.878981
ets_add_noseas,15,4.800582,5.937582,2.939061,1.492184,0.872611
ets_add_noseas,16,5.293763,6.541923,3.010631,1.644677,0.878981
ets_add_noseas,17,5.858327,7.201399,3.156616,1.811765,0.885350
ets_add_noseas,18,6.437077,7.867677,3.368859,1.977159,0.878981
ets_add_noseas,19,6.973166,8.485539,3.608469,2.128159,0.872611
ets_add_noseas,20,7.438665,9.009025,3.888559,2.259272,0.885350
ets_add_noseas,21,7.775376,9.405439,4.149082,2.357505,0.878981
ets_add_noseas,22,7.982121,9.680039,4.372683,2.425430,0.878981
ets_add_noseas,23,8.107407,9.857698,4.496202,2.472298,0.872611
ets_add_noseas,24,8.201840,10.008416,4.573274,2.513034,0.872611
ets_add_s12,1,0.164394,0.217821,0.490062,0.053065,0.898089
ets_add_s12,2,0.342463,0.458135,0.537721,0.111474,0.891720
ets_add_s12,3,0.540684,0.704405,0.601118,0.173778,0.898089
ets_add_s12,4,0.727298,0.934316,0.655347,0.233269,0.878981
ets_add_s12,5,0.924590,1.157448,0.736963,0.289826,0.878981
ets_add_s12,6,1.109256,1.374235,0.833595,0.349445,0.885350
ets_add_s12,7,1.279704,1.590712,0.951929,0.404386,0.885350
ets_add_s12,8,1.432231,1.798434,1.092080,0.455461,0.878981
ets_add_s12,9,1.567727,1.993986,1.247896,0.511037,0.872611
ets_add_s12,10,1.676716,2.175559,1.367911,0.552104,0.872611
ets_add_s12,11,1.777571,2.357659,1.440273,0.597409,0.866242
ets_add_s12,12,1.895540,2.552968,1.475143,0.647728,0.859873
ets_add_s12,13,2.036358,2.779949,1.490117,0.707947,0.872611
ets_add_s12,14,2.226294,3.037033,1.487402,0.781542,0.872611
ets_add_s12,15,2.416008,3.298614,1.479153,0.847428,0.866242
ets_add_s12,16,2.590658,3.543256,1.473341,0.903319,0.859873
ets_add_s12,17,2.746294,3.770415,1.479774,0.959851,0.853503
ets_add_s12,18,2.911661,3.991417,1.523824,1.010569,0.859873
ets_add_s12,19,3.078185,4.207468,1.592897,1.060872,0.866242
ets_add_s12,20,3.247288,4.420538,1.697519,1.110466,0.859873
ets_add_s12,21,3.406301,4.632618,1.817664,1.167193,0.866242
ets_add_s12,22,3.548364,4.847042,1.943828,1.213594,0.872611
ets_add_s12,23,3.671311,5.061771,2.036034,1.270267,0.872611
ets_add_s12,24,3.804133,5.285515,2.121151,1.321796,0.885350
ets_damped_noseas,1,0.193004,0.252201,0.575349,0.062077,0.891720
ets_damped_noseas,2,0.480674,0.608128,0.754733,0.150115,0.885350
ets_damped_noseas,3,0.827064,1.015729,0.919508,0.252909,0.898089
ets_damped_noseas,4,1.181377,1.414121,1.064504,0.352755,0.878981
ets_damped_noseas,5,1.515590,1.774924,1.208032,0.448495,0.866242
ets_damped_noseas,6,1.791032,2.069043,1.345942,0.523591,0.878981
ets_damped_noseas,7,1.977255,2.279758,1.470813,0.575004,0.885350
ets_damped_noseas,8,2.059801,2.391872,1.570604,0.605268,0.891720
ets_damped_noseas,9,2.034372,2.396869,1.619341,0.606917,0.872611
ets_damped_noseas,10,1.921195,2.300023,1.567363,0.574949,0.878981
ets_damped_noseas,11,1.766726,2.139305,1.431487,0.540319,0.878981
ets_damped_noseas,12,1.622710,1.973384,1.262822,0.499947,0.872611
ets_damped_noseas,13,1.533698,1.890566,1.122292,0.481285,0.885350
ets_damped_noseas,14,1.552181,1.956274,1.037023,0.499108,0.885350
ets_damped_noseas,15,1.695689,2.152153,1.038152,0.548192,0.885350
ets_damped_noseas,16,1.898941,2.406632,1.079952,0.612331,0.885350
ets_damped_noseas,17,2.109607,2.657240,1.136710,0.675545,0.878981
ets_damped_noseas,18,2.323150,2.869767,1.215826,0.727953,0.878981
ets_damped_noseas,19,2.475050,3.015135,1.280787,0.764202,0.878981
ets_damped_noseas,20,2.537182,3.076809,1.326311,0.781841,0.872611
ets_damped_noseas,21,2.498305,3.047902,1.333141,0.777085,0.878981
ets_damped_noseas,22,2.403181,2.944586,1.316486,0.739409,0.872611
ets_damped_noseas,23,2.283381,2.794036,1.266316,0.703422,0.885350
ets_damped_noseas,24,2.168766,2.650712,1.209285,0.673443,0.872611
ets_damped_s12,1,0.144165,0.193059,0.429758,0.046481,0.885350
ets_damped_s12,2,0.291316,0.399530,0.457412,0.095687,0.885350
ets_damped_s12,3,0.447641,0.596780,0.497676,0.144096,0.898089
ets_damped_s12,4,0.579420,0.758421,0.522098,0.188145,0.891720
ets_damped_s12,5,0.709125,0.897609,0.565222,0.224860,0.891720
ets_damped_s12,6,0.823018,1.018249,0.618490,0.255774,0.885350
ets_damped_s12,7,0.931926,1.128130,0.693228,0.282390,0.878981
ets_damped_s12,8,1.015589,1.224848,0.774389,0.306093,0.885350
ets_damped_s12,9,1.084021,1.307756,0.862870,0.327628,0.885350
ets_damped_s12,10,1.121252,1.375835,0.914749,0.350212,0.891720
ets_damped_s12,11,1.177909,1.442194,0.954398,0.359067,0.885350
ets_damped_s12,12,1.245483,1.512927,0.969257,0.376448,0.878981
ets_damped_s12,13,1.320771,1.600351,0.966482,0.407847,0.878981
ets_damped_s12,14,1.412264,1.703255,0.943543,0.439920,0.885350
ets_damped_s12,15,1.496043,1.804535,0.915922,0.464149,0.866242
ets_damped_s12,16,1.560234,1.888393,0.887325,0.491371,0.878981
ets_damped_s12,17,1.597939,1.954008,0.861011,0.509556,0.859873
ets_damped_s12,18,1.646659,2.012554,0.861783,0.523968,0.866242
ets_damped_s12,19,1.697123,2.064875,0.878226,0.546408,0.866242
ets_damped_s12,20,1.742430,2.112894,0.910854,0.555111,0.866242
ets_damped_s12,21,1.788951,2.158188,0.954617,0.564544,0.859873
ets_damped_s12,22,1.846896,2.204537,1.011748,0.568929,0.859873
ets_damped_s12,23,1.890724,2.248427,1.048557,0.583832,0.859873
ets_damped_s12,24,1.916730,2.294021,1.068752,0.592517,0.866242
inflow_chain,1,0.150943,0.193115,0.449963,0.045666,0.885350
inflow_chain,2,0.263627,0.339172,0.413935,0.077417,0.898089
inflow_chain,3,0.374195,0.466915,0.416020,0.103191,0.891720
inflow_chain,4,0.473426,0.592549,0.426590,0.131685,0.878981
inflow_chain,5,0.578290,0.712730,0.460938,0.156694,0.872611
inflow_chain,6,0.680884,0.832809,0.511677,0.177820,0.866242
inflow_chain,7,0.780031,0.947426,0.580239,0.198156,0.878981
inflow_chain,8,0.877476,1.058782,0.669077,0.217913,0.885350
inflow_chain,9,0.981917,1.178613,0.781597,0.243851,0.878981
inflow_chain,10,1.099959,1.293573,0.897377,0.267652,0.885350
inflow_chain,11,1.210229,1.406866,0.980586,0.283993,0.878981
inflow_chain,12,1.320299,1.523299,1.027481,0.320482,0.885350
inflow_chain,13,1.431109,1.643239,1.047222,0.338411,0.885350
inflow_chain,14,1.535454,1.761055,1.025847,0.372900,0.866242
inflow_chain,15,1.627236,1.871156,0.996243,0.396516,0.853503
inflow_chain,16,1.714600,1.977288,0.975115,0.413994,0.859873
inflow_chain,17,1.791312,2.076468,0.965205,0.427618,0.859873
inflow_chain,18,1.860431,2.170617,0.973661,0.441288,0.859873
inflow_chain,19,1.941408,2.262404,1.004638,0.453884,0.859873
inflow_chain,20,2.007400,2.353403,1.049368,0.461162,0.859873
inflow_chain,21,2.079637,2.449160,1.109732,0.474114,0.853503
inflow_chain,22,2.158770,2.544179,1.182595,0.489755,0.866242
inflow_chain,23,2.240210,2.637843,1.242375,0.510821,0.872611
inflow_chain,24,2.314566,2.724162,1.290582,0.519129,0.853503
inflow_chain_area,1,0.150687,0.193383,0.449199,0.045731,0.885350
inflow_chain_area,2,0.263665,0.340136,0.413995,0.077704,0.898089
inflow_chain_area,3,0.374887,0.468825,0.416790,0.104016,0.872611
inflow_chain_area,4,0.475304,0.595558,0.428282,0.132402,0.885350
inflow_chain_area,5,0.582154,0.717177,0.464018,0.158489,0.872611
inflow_chain_area,6,0.687058,0.838671,0.516317,0.179434,0.866242
inflow_chain_area,7,0.787729,0.955391,0.585965,0.201051,0.878981
inflow_chain_area,8,0.884568,1.068650,0.674485,0.221680,0.878981
inflow_chain_area,9,0.992176,1.190211,0.789763,0.245936,0.885350
inflow_chain_area,10,1.110606,1.306239,0.906063,0.270237,0.885350
inflow_chain_area,11,1.223382,1.420543,0.991243,0.286714,0.878981
inflow_chain_area,12,1.335478,1.538437,1.039293,0.326869,0.878981
inflow_chain_area,13,1.446997,1.659959,1.058849,0.344186,0.885350
inflow_chain_area,14,1.553704,1.779534,1.038041,0.377786,0.859873
inflow_chain_area,15,1.646709,1.891624,1.008165,0.402277,0.859873
inflow_chain_area,16,1.736003,1.999521,0.987287,0.421524,0.859873
inflow_chain_area,17,1.815381,2.100409,0.978174,0.434837,0.853503
inflow_chain_area,18,1.888501,2.196020,0.988352,0.449780,0.859873
inflow_chain_area,19,1.967120,2.289375,1.017944,0.463340,0.859873
inflow_chain_area,20,2.034929,2.381481,1.063758,0.468456,0.872611
inflow_chain_area,21,2.110604,2.478346,1.126257,0.483859,0.853503
inflow_chain_area,22,2.192538,2.574353,1.201094,0.498986,0.859873
inflow_chain_area,23,2.276883,2.669038,1.262712,0.516040,0.878981
inflow_chain_area,24,2.353364,2.756721,1.312215,0.525528,0.859873
ma_simple_12,1,0.907322,1.118838,2.704743,0.284220,0.885350
ma_simple_12,2,1.001186,1.215289,1.572018,0.313680,0.878981
ma_simple_12,3,1.095055,1.309345,1.217453,0.337572,0.872611
ma_simple_12,4,1.185491,1.396230,1.068210,0.356104,0.872611
ma_simple_12,5,1.262507,1.474806,1.006307,0.378425,0.859873
ma_simple_12,6,1.325174,1.545486,0.995855,0.400954,0.834395
ma_simple_12,7,1.373541,1.605784,1.021731,0.416074,0.834395
ma_simple_12,8,1.412429,1.659913,1.076981,0.426870,0.840764
ma_simple_12,9,1.443394,1.708809,1.148928,0.439211,0.853503
ma_simple_12,10,1.473581,1.755658,1.202188,0.456026,0.859873
ma_simple_12,11,1.507475,1.805543,1.221429,0.466566,0.859873
ma_simple_12,12,1.553270,1.859845,1.208783,0.481705,0.859873
ma_simple_12,13,1.596956,1.916249,1.168582,0.493402,0.847134
ma_simple_12,14,1.639214,1.970103,1.095170,0.515114,0.840764
ma_simple_12,15,1.680341,2.019518,1.028756,0.523581,0.853503
ma_simple_12,16,1.721720,2.063421,0.979164,0.527373,0.859873
ma_simple_12,17,1.759064,2.100928,0.947829,0.538901,0.853503
ma_simple_12,18,1.787054,2.133252,0.935259,0.546795,0.834395
ma_simple_12,19,1.809477,2.159977,0.936366,0.556454,0.834395
ma_simple_12,20,1.823090,2.182124,0.953020,0.554450,0.840764
ma_simple_12,21,1.829745,2.201568,0.976385,0.566659,0.834395
ma_simple_12,22,1.837539,2.221263,1.006622,0.576019,0.840764
ma_simple_12,23,1.845526,2.243303,1.023491,0.582769,0.821656
ma_simple_12,24,1.855454,2.267999,1.034585,0.582796,0.815287
ma_simple_3,1,0.608447,0.743135,1.813791,0.185646,0.891720
ma_simple_3,2,0.860020,1.045347,1.350366,0.258778,0.872611
ma_simple_3,3,1.061976,1.284780,1.180677,0.320563,0.885350
ma_simple_3,4,1.201649,1.454492,1.082770,0.363477,0.885350
ma_simple_3,5,1.278240,1.554210,1.018847,0.383002,0.891720
ma_simple_3,6,1.293881,1.589441,0.972339,0.398454,0.885350
ma_simple_3,7,1.266546,1.570896,0.942141,0.388868,0.866242
ma_simple_3,8,1.231477,1.518952,0.939004,0.371439,0.885350
ma_simple_3,9,1.209783,1.464610,0.962976,0.359022,0.878981
ma_simple_3,10,1.221467,1.445521,0.996506,0.369609,0.872611
ma_simple_3,11,1.274647,1.492695,1.032780,0.388219,0.847134
ma_simple_3,12,1.355964,1.609726,1.055236,0.410114,0.847134
ma_simple_3,13,1.479926,1.771192,1.082945,0.449505,0.840764
ma_simple_3,14,1.613877,1.940133,1.078243,0.486408,0.872611
ma_simple_3,15,1.734297,2.087809,1.061789,0.523363,0.885350
ma_simple_3,16,1.827229,2.198593,1.039168,0.554865,0.866242
ma_simple_3,17,1.882554,2.263654,1.014368,0.572973,0.872611
ma_simple_3,18,1.907121,2.283286,0.998096,0.573962,0.872611
ma_simple_3,19,1.887216,2.263862,0.976595,0.565221,0.859873
ma_simple_3,20,1.854857,2.221536,0.969626,0.558909,0.866242
ma_simple_3,21,1.811968,2.177512,0.966899,0.560778,0.878981
ma_simple_3,22,1.790611,2.155342,0.980914,0.556064,0.859873
ma_simple_3,23,1.781874,2.173376,0.988191,0.576657,0.840764
ma_simple_3,24,1.841460,2.236070,1.026782,0.569780,0.834395
ma_simple_6,1,0.836334,1.024641,2.493126,0.254540,0.878981
ma_simple_6,2,0.981322,1.213550,1.540829,0.302582,0.885350
ma_simple_6,3,1.086967,1.347745,1.208461,0.335082,0.878981
ma_simple_6,4,1.139636,1.425545,1.026892,0.348980,0.898089
ma_simple_6,5,1.162276,1.454365,0.926415,0.362507,0.885350
ma_simple_6,6,1.173732,1.450030,0.882048,0.356900,0.866242
ma_simple_6,7,1.185889,1.430712,0.882143,0.352597,0.872611
ma_simple_6,8,1.203639,1.423155,0.917778,0.357943,0.853503
ma_simple_6,9,1.243953,1.449456,0.990175,0.372367,0.853503
ma_simple_6,10,1.298635,1.520950,1.059462,0.392555,0.847134
ma_simple_6,11,1.372862,1.634755,1.112359,0.420738,0.847134
ma_simple_6,12,1.481772,1.773194,1.153141,0.444088,0.853503
ma_simple_6,13,1.592776,1.912666,1.165523,0.483710,0.859873
ma_simple_6,14,1.688692,2.031029,1.128227,0.508036,0.866242
ma_simple_6,15,1.759051,2.115889,1.076944,0.533612,0.859873
ma_simple_6,16,1.800178,2.163792,1.023785,0.548404,0.853503
ma_simple_6,17,1.812158,2.176838,0.976437,0.545076,0.853503
ma_simple_6,18,1.807559,2.165340,0.945990,0.541519,0.847134
ma_simple_6,19,1.789093,2.142283,0.925819,0.540829,0.866242
ma_simple_6,20,1.768054,2.124983,0.924250,0.547188,0.885350
ma_simple_6,21,1.759536,2.128539,0.938921,0.568923,0.853503
ma_simple_6,22,1.778380,2.162069,0.974214,0.568721,0.834395
ma_simple_6,23,1.843707,2.225353,1.022482,0.567581,0.828025
ma_simple_6,24,1.919794,2.308091,1.070460,0.584974,0.828025
naive_last,1,0.335456,0.414252,1.000000,0.102829,0.891720
naive_last,2,0.636879,0.784051,1.000000,0.195636,0.891720
naive_last,3,0.899464,1.096966,1.000000,0.272894,0.891720
naive_last,4,1.109792,1.340368,1.000000,0.334938,0.885350
naive_last,5,1.254595,1.511425,1.000000,0.377683,0.885350
naive_last,6,1.330690,1.609917,1.000000,0.398410,0.891720
naive_last,7,1.344327,1.641059,1.000000,0.411187,0.872611
naive_last,8,1.311471,1.615630,1.000000,0.398797,0.866242
naive_last,9,1.256296,1.553441,1.000000,0.382099,0.878981
naive_last,10,1.225749,1.487242,1.000000,0.367381,0.891720
naive_last,11,1.234190,1.460488,1.000000,0.370331,0.872611
naive_last,12,1.284987,1.506154,1.000000,0.383954,0.866242
naive_last,13,1.366576,1.627642,1.000000,0.411697,0.840764
naive_last,14,1.496766,1.795353,1.000000,0.452608,0.847134
naive_last,15,1.633372,1.970199,1.000000,0.497950,0.872611
naive_last,16,1.758357,2.123030,1.000000,0.532001,0.891720
naive_last,17,1.855888,2.235681,1.000000,0.563104,0.872611
naive_last,18,1.910759,2.301194,1.000000,0.579749,0.878981
naive_last,19,1.932445,2.318196,1.000000,0.582386,0.878981
naive_last,20,1.912962,2.294729,1.000000,0.575991,0.866242
naive_last,21,1.873999,2.245996,1.000000,0.568413,0.866242
naive_last,22,1.825451,2.195277,1.000000,0.568274,0.866242
naive_last,23,1.803168,2.168164,1.000000,0.563432,0.834395
naive_last,24,1.793428,2.185024,1.000000,0.570006,0.840764
naive_seasonal,1,1.414140,1.673692,4.215578,0.420271,0.834395
naive_seasonal,2,1.392165,1.649171,2.185917,0.425835,0.834395
naive_seasonal,3,1.367867,1.620627,1.520759,0.431533,0.828025
naive_seasonal,4,1.343622,1.590326,1.210698,0.430107,0.828025
naive_seasonal,5,1.320226,1.562446,1.052313,0.423244,0.840764
naive_seasonal,6,1.301967,1.539689,0.978415,0.411331,0.847134
naive_seasonal,7,1.284762,1.515832,0.955691,0.398164,0.853503
naive_seasonal,8,1.272662,1.499138,0.970408,0.389824,0.866242
naive_seasonal,9,1.268336,1.493502,1.009584,0.385021,0.859873
naive_seasonal,10,1.271510,1.496773,1.037333,0.385112,0.859873
naive_seasonal,11,1.280855,1.502775,1.037810,0.383996,0.859873
naive_seasonal,12,1.284987,1.506154,1.000000,0.383954,0.866242
naive_seasonal,13,1.782054,2.169829,1.304029,0.602062,0.847134
naive_seasonal,14,1.772833,2.162422,1.184442,0.607964,0.853503
naive_seasonal,15,1.763374,2.154991,1.079591,0.610372,0.859873
naive_seasonal,16,1.754696,2.147989,0.997918,0.610023,0.847134
naive_seasonal,17,1.746876,2.142282,0.941262,0.600997,0.847134
naive_seasonal,18,1.744820,2.140758,0.913155,0.591037,0.847134
naive_seasonal,19,1.746363,2.141989,0.903706,0.578222,0.840764
naive_seasonal,20,1.753154,2.147752,0.916461,0.566265,0.834395
naive_seasonal,21,1.768609,2.160340,0.943762,0.560497,0.834395
naive_seasonal,22,1.785658,2.175584,0.978201,0.560946,0.828025
naive_seasonal,23,1.792329,2.183605,0.993989,0.565349,0.834395
naive_seasonal,24,1.793428,2.185024,1.000000,0.570006,0.840764
swe_head,1,0.126071,0.174780,0.375821,0.042659,0.898089
swe_head,2,0.223822,0.310222,0.351436,0.075562,0.885350
swe_head,3,0.316890,0.427507,0.352309,0.105743,0.885350
swe_head,4,0.390418,0.544844,0.351794,0.132141,0.891720
swe_head,5,0.449045,0.644761,0.357920,0.154530,0.891720
swe_head,6,0.511930,0.755603,0.384710,0.184818,0.878981
swe_head,7,0.585743,0.862668,0.435715,0.205634,0.885350
swe_head,8,0.674157,0.974287,0.514046,0.235099,0.878981
swe_head,9,0.757794,1.072514,0.603197,0.260123,0.891720
swe_head,10,0.855576,1.176575,0.698002,0.285725,0.885350
swe_head,11,0.950997,1.280050,0.770544,0.316566,0.872611
swe_head,12,1.065410,1.391839,0.829121,0.350043,0.885350
swe_head,13,1.182557,1.514875,0.865343,0.381013,0.878981
swe_head,14,1.302648,1.642147,0.870308,0.414722,0.878981
swe_head,15,1.401212,1.754555,0.857864,0.441508,0.866242
swe_head,16,1.491872,1.868895,0.848447,0.466001,0.859873
swe_head,17,1.604871,1.975436,0.864746,0.504762,0.872611
swe_head,18,1.719542,2.083174,0.899926,0.537011,0.866242
swe_head,19,1.818584,2.202060,0.941079,0.566772,0.859873
swe_head,20,1.918425,2.317262,1.002856,0.596101,0.853503
swe_head,21,2.017264,2.441261,1.076449,0.618362,0.847134
swe_head,22,2.114369,2.562867,1.158272,0.648834,0.853503
swe_head,23,2.214338,2.674109,1.228026,0.691720,0.853503
swe_head,24,2.321621,2.797216,1.294516,0.724529,0.859873
swe_regression,1,0.124542,0.170050,0.371261,0.041227,0.885350
swe_regression,2,0.222148,0.299445,0.348808,0.074329,0.872611
swe_regression,3,0.307083,0.415700,0.341406,0.101586,0.878981
swe_regression,4,0.389684,0.535168,0.351133,0.131562,0.878981
swe_regression,5,0.465022,0.645284,0.370655,0.158689,0.885350
swe_regression,6,0.545507,0.754345,0.409943,0.187138,0.885350
swe_regression,7,0.625883,0.851801,0.465573,0.211356,0.885350
swe_regression,8,0.710791,0.953657,0.541980,0.238071,0.891720
swe_regression,9,0.787962,1.049334,0.627210,0.266173,0.891720
swe_regression,10,0.868328,1.135968,0.708406,0.291226,0.885350
swe_regression,11,0.958525,1.224790,0.776643,0.315240,0.891720
swe_regression,12,1.066114,1.325494,0.829669,0.355353,0.885350
swe_regression,13,1.176565,1.418392,0.860958,0.380146,0.878981
swe_regression,14,1.268687,1.505088,0.847618,0.406533,0.878981
swe_regression,15,1.354558,1.587782,0.829301,0.436529,0.872611
swe_regression,16,1.437858,1.667142,0.817728,0.449122,0.866242
swe_regression,17,1.494748,1.740599,0.805408,0.465896,0.853503
swe_regression,18,1.556181,1.808249,0.814431,0.479615,0.866242
swe_regression,19,1.625024,1.886950,0.840916,0.499828,0.866242
swe_regression,20,1.690390,1.958153,0.883651,0.508286,0.866242
swe_regression,21,1.754840,2.034044,0.936414,0.528300,0.866242
swe_regression,22,1.825760,2.115858,1.000169,0.547172,0.859873
swe_regression,23,1.889640,2.198614,1.047955,0.564925,0.859873
swe_regression,24,1.954313,2.272604,1.089708,0.577327,0.859873
theta,1,0.335482,0.414430,1.000078,0.102891,0.891720
theta,2,0.637020,0.784397,1.000221,0.195670,0.885350
theta,3,0.899475,1.097499,1.000013,0.272956,0.891720
theta,4,1.110140,1.341137,1.000314,0.335115,0.885350
theta,5,1.254752,1.512507,1.000126,0.378048,0.885350
theta,6,1.331199,1.611417,1.000382,0.398795,0.891720
theta,7,1.345467,1.643157,1.000848,0.412026,0.872611
theta,8,1.313333,1.618538,1.001420,0.399654,0.872611
theta,9,1.259913,1.557407,1.002879,0.383085,0.872611
theta,10,1.230227,1.492463,1.003653,0.369075,0.885350
theta,11,1.240053,1.466909,1.004750,0.372802,0.872611
theta,12,1.291575,1.513404,1.005127,0.386140,0.847134
theta,13,1.373471,1.635249,1.005045,0.412936,0.834395
theta,14,1.503938,1.803049,1.004791,0.453968,0.847134
theta,15,1.641639,1.977935,1.005061,0.498924,0.872611
theta,16,1.766665,2.130919,1.004725,0.534974,0.891720
theta,17,1.864520,2.243918,1.004651,0.564818,0.866242
theta,18,1.919891,2.309982,1.004779,0.581747,0.878981
theta,19,1.941786,2.327794,1.004834,0.586839,0.872611
theta,20,1.922470,2.305407,1.004970,0.579190,0.866242
theta,21,1.883654,2.257955,1.005152,0.569927,0.866242
theta,22,1.835790,2.208538,1.005663,0.569974,0.872611
theta,23,1.813370,2.182514,1.005658,0.568151,0.840764
theta,24,1.804305,2.200025,1.006065,0.571065,0.821656
