month,model,pred,issue,h,q05,q25,q50,q75,q95
2026-09-01,blend,4189.877,2026-09-01,1,4189.622,4189.789,4189.895,4189.979,4190.173
2026-10-01,blend,4189.625,2026-09-01,2,4189.191,4189.480,4189.638,4189.803,4190.113
2026-11-01,blend,4189.603,2026-09-01,3,4188.912,4189.376,4189.590,4189.817,4190.339
2026-12-01,blend,4189.703,2026-09-01,4,4188.899,4189.398,4189.698,4189.931,4190.679
2027-01-01,blend,4189.956,2026-09-01,5,4189.035,4189.588,4189.947,4190.215,4191.036
2027-02-01,blend,4190.276,2026-09-01,6,4189.165,4189.864,4190.214,4190.567,4191.391
2027-03-01,blend,4190.658,2026-09-01,7,4189.367,4190.180,4190.543,4190.960,4191.963
2027-04-01,blend,4190.936,2026-09-01,8,4189.451,4190.273,4190.796,4191.205,4192.421
2027-05-01,blend,4191.071,2026-09-01,9,4189.514,4190.305,4190.886,4191.349,4192.793
2027-06-01,blend,4191.016,2026-09-01,10,4189.254,4190.208,4190.680,4191.303,4193.135
2027-07-01,blend,4190.579,2026-09-01,11,4188.658,4189.656,4190.165,4190.903,4192.799
2027-08-01,blend,4190.004,2026-09-01,12,4188.064,4188.974,4189.523,4190.340,4192.478
2027-09-01,blend,4189.590,2026-09-01,13,4187.559,4188.407,4188.977,4189.807,4192.651
2027-10-01,blend,4189.376,2026-09-01,14,4187.291,4187.966,4188.701,4189.634,4192.851
2027-11-01,blend,4189.382,2026-09-01,15,4187.148,4187.912,4188.574,4189.692,4193.090
2027-12-01,blend,4189.528,2026-09-01,16,4186.832,4187.918,4188.629,4189.840,4193.237
2028-01-01,blend,4189.773,2026-09-01,17,4186.987,4188.031,4188.794,4190.175,4193.571
2028-02-01,blend,4190.078,2026-09-01,18,4187.077,4188.205,4189.122,4190.556,4193.737
2028-03-01,blend,4190.451,2026-09-01,19,4187.248,4188.371,4189.553,4190.869,4194.078
2028-04-01,blend,4190.743,2026-09-01,20,4187.450,4188.512,4189.823,4191.282,4194.326
2028-05-01,blend,4190.929,2026-09-01,21,4187.651,4188.511,4189.887,4191.510,4194.392
2028-06-01,blend,4190.935,2026-09-01,22,4187.398,4188.469,4189.932,4191.590,4194.331
2028-07-01,blend,4190.561,2026-09-01,23,4186.953,4187.971,4189.490,4191.258,4194.122
2028-08-01,blend,4190.001,2026-09-01,24,4186.299,4187.393,4188.833,4190.611,4193.532
2026-09-01,drift_24m,4190.205,2026-09-01,1,4189.551,4189.868,4190.224,4190.448,4190.842
2026-10-01,drift_24m,4190.084,2026-09-01,2,4188.830,4189.499,4190.122,4190.538,4191.349
2026-11-01,drift_24m,4189.963,2026-09-01,3,4188.230,4189.031,4189.924,4190.573,4191.714
2026-12-01,drift_24m,4189.841,2026-09-01,4,4187.715,4188.765,4189.797,4190.710,4192.068
2027-01-01,drift_24m,4189.720,2026-09-01,5,4187.233,4188.407,4189.622,4190.720,4192.314
2027-02-01,drift_24m,4189.599,2026-09-01,6,4186.824,4188.265,4189.450,4190.746,4192.370
2027-03-01,drift_24m,4189.478,2026-09-01,7,4186.550,4188.145,4189.252,4190.569,4192.409
2027-04-01,drift_24m,4189.357,2026-09-01,8,4186.439,4188.036,4189.066,4190.435,4192.337
2027-05-01,drift_24m,4189.236,2026-09-01,9,4186.206,4187.905,4189.122,4190.196,4192.291
2027-06-01,drift_24m,4189.115,2026-09-01,10,4186.118,4187.488,4189.140,4189.951,4192.116
2027-07-01,drift_24m,4188.994,2026-09-01,11,4185.967,4187.220,4189.081,4190.045,4192.743
2027-08-01,drift_24m,4188.873,2026-09-01,12,4185.498,4187.109,4188.727,4189.848,4193.235
2027-09-01,drift_24m,4188.751,2026-09-01,13,4185.156,4186.852,4188.370,4189.876,4193.643
2027-10-01,drift_24m,4188.630,2026-09-01,14,4184.671,4186.597,4188.155,4190.014,4193.503
2027-11-01,drift_24m,4188.509,2026-09-01,15,4184.060,4186.214,4188.061,4190.162,4193.449
2027-12-01,drift_24m,4188.388,2026-09-01,16,4183.592,4185.913,4187.942,4190.299,4193.237
2028-01-01,drift_24m,4188.267,2026-09-01,17,4182.824,4185.561,4188.015,4190.224,4193.435
2028-02-01,drift_24m,4188.146,2026-09-01,18,4182.672,4185.266,4187.946,4190.165,4193.251
2028-03-01,drift_24m,4188.025,2026-09-01,19,4182.442,4185.131,4187.792,4190.263,4193.294
2028-04-01,drift_24m,4187.904,2026-09-01,20,4182.069,4184.830,4187.569,4189.897,4193.192
2028-05-01,drift_24m,4187.783,2026-09-01,21,4181.725,4184.722,4187.461,4189.647,4193.316
2028-06-01,drift_24m,4187.662,2026-09-01,22,4181.558,4184.597,4187.294,4189.682,4193.367
2028-07-01,drift_24m,4187.540,2026-09-01,23,4181.103,4184.408,4187.145,4189.523,4193.849
2028-08-01,drift_24m,4187.419,2026-09-01,24,4180.739,4184.252,4187.093,4189.749,4194.043
2026-09-01,ets_add_s12,4189.736,2026-09-01,1,4189.395,4189.588,4189.725,4189.865,4190.067
2026-10-01,ets_add_s12,4189.384,2026-09-01,2,4188.726,4189.105,4189.376,4189.615,4190.102
2026-11-01,ets_add_s12,4189.262,2026-09-01,3,4188.208,4188.813,4189.250,4189.635,4190.268
2026-12-01,ets_add_s12,4189.269,2026-09-01,4,4187.749,4188.616,4189.216,4189.837,4190.644
2027-01-01,ets_add_s12,4189.370,2026-09-01,5,4187.526,4188.538,4189.355,4190.131,4191.006
2027-02-01,ets_add_s12,4189.528,2026-09-01,6,4187.292,4188.592,4189.420,4190.440,4191.477
2027-03-01,ets_add_s12,4189.756,2026-09-01,7,4187.080,4188.784,4189.564,4190.840,4191.979
2027-04-01,ets_add_s12,4189.912,2026-09-01,8,4186.815,4188.744,4189.774,4191.046,4192.651
2027-05-01,ets_add_s12,4189.957,2026-09-01,9,4186.524,4188.612,4189.743,4191.254,4193.162
2027-06-01,ets_add_s12,4189.822,2026-09-01,10,4186.096,4188.494,4189.659,4191.043,4193.221
2027-07-01,ets_add_s12,4189.309,2026-09-01,11,4185.249,4187.998,4189.180,4190.516,4192.891
2027-08-01,ets_add_s12,4188.608,2026-09-01,12,4184.171,4187.220,4188.435,4190.006,4192.401
2027-09-01,ets_add_s12,4188.018,2026-09-01,13,4183.005,4186.513,4187.955,4189.538,4192.044
2027-10-01,ets_add_s12,4187.667,2026-09-01,14,4182.077,4185.994,4187.607,4189.440,4191.979
2027-11-01,ets_add_s12,4187.544,2026-09-01,15,4181.378,4185.792,4187.357,4189.334,4192.317
2027-12-01,ets_add_s12,4187.551,2026-09-01,16,4180.804,4185.760,4187.356,4189.618,4192.667
2028-01-01,ets_add_s12,4187.652,2026-09-01,17,4180.504,4186.045,4187.382,4190.034,4192.932
2028-02-01,ets_add_s12,4187.810,2026-09-01,18,4180.496,4186.161,4187.523,4190.247,4193.504
2028-03-01,ets_add_s12,4188.038,2026-09-01,19,4180.507,4186.381,4187.819,4190.548,4194.188
2028-04-01,ets_add_s12,4188.194,2026-09-01,20,4180.362,4186.347,4188.001,4190.649,4194.614
2028-05-01,ets_add_s12,4188.239,2026-09-01,21,4180.114,4186.302,4188.045,4190.974,4194.957
2028-06-01,ets_add_s12,4188.104,2026-09-01,22,4179.634,4186.076,4187.978,4191.059,4194.851
2028-07-01,ets_add_s12,4187.591,2026-09-01,23,4178.717,4185.497,4187.469,4190.508,4194.396
2028-08-01,ets_add_s12,4186.890,2026-09-01,24,4177.589,4184.767,4186.854,4189.772,4194.552
2026-09-01,ets_damped_noseas,4189.846,2026-09-01,1,4189.423,4189.689,4189.865,4189.993,4190.175
2026-10-01,ets_damped_noseas,4189.463,2026-09-01,2,4188.417,4189.045,4189.553,4189.846,4190.215
2026-11-01,ets_damped_noseas,4189.158,2026-09-01,3,4187.400,4188.391,4189.358,4189.802,4190.520
2026-12-01,ets_damped_noseas,4188.913,2026-09-01,4,4186.587,4187.580,4189.128,4189.905,4190.749
2027-01-01,ets_damped_noseas,4188.717,2026-09-01,5,4185.690,4187.123,4188.955,4190.047,4191.108
2027-02-01,ets_damped_noseas,4188.560,2026-09-01,6,4185.093,4186.699,4188.462,4190.114,4191.450
2027-03-01,ets_damped_noseas,4188.435,2026-09-01,7,4184.978,4186.465,4188.336,4190.013,4191.849
2027-04-01,ets_damped_noseas,4188.335,2026-09-01,8,4184.748,4186.226,4187.870,4190.037,4192.224
2027-05-01,ets_damped_noseas,4188.255,2026-09-01,9,4184.716,4186.084,4187.985,4189.850,4192.573
2027-06-01,ets_damped_noseas,4188.190,2026-09-01,10,4184.855,4186.063,4187.668,4189.591,4192.120
2027-07-01,ets_damped_noseas,4188.139,2026-09-01,11,4185.150,4186.118,4187.675,4189.186,4191.820
2027-08-01,ets_damped_noseas,4188.098,2026-09-01,12,4185.217,4186.364,4187.460,4189.000,4191.301
2027-09-01,ets_damped_noseas,4188.065,2026-09-01,13,4185.267,4186.367,4187.489,4188.924,4191.091
2027-10-01,ets_damped_noseas,4188.039,2026-09-01,14,4184.735,4186.315,4187.532,4188.639,4191.182
2027-11-01,ets_damped_noseas,4188.018,2026-09-01,15,4184.204,4186.329,4187.596,4188.877,4191.167
2027-12-01,ets_damped_noseas,4188.001,2026-09-01,16,4183.752,4185.946,4187.639,4189.044,4191.385
2028-01-01,ets_damped_noseas,4187.988,2026-09-01,17,4183.294,4185.718,4187.780,4189.254,4191.613
2028-02-01,ets_damped_noseas,4187.977,2026-09-01,18,4182.956,4185.469,4187.663,4189.430,4191.897
2028-03-01,ets_damped_noseas,4187.968,2026-09-01,19,4182.960,4185.278,4187.598,4189.371,4192.068
2028-04-01,ets_damped_noseas,4187.961,2026-09-01,20,4183.085,4185.301,4187.399,4189.435,4192.347
2028-05-01,ets_damped_noseas,4187.956,2026-09-01,21,4183.212,4185.223,4187.289,4189.510,4192.322
2028-06-01,ets_damped_noseas,4187.951,2026-09-01,22,4183.283,4185.204,4187.392,4189.170,4192.093
2028-07-01,ets_damped_noseas,4187.948,2026-09-01,23,4183.514,4185.162,4187.169,4188.963,4191.926
2028-08-01,ets_damped_noseas,4187.945,2026-09-01,24,4183.635,4185.206,4187.205,4188.953,4191.755
2026-09-01,ets_damped_s12,4189.813,2026-09-01,1,4189.497,4189.685,4189.802,4189.917,4190.099
2026-10-01,ets_damped_s12,4189.553,2026-09-01,2,4188.949,4189.286,4189.538,4189.719,4190.099
2026-11-01,ets_damped_s12,4189.533,2026-09-01,3,4188.548,4189.184,4189.459,4189.815,4190.355
2026-12-01,ets_damped_s12,4189.650,2026-09-01,4,4188.358,4189.091,4189.517,4189.951,4190.830
2027-01-01,ets_damped_s12,4189.868,2026-09-01,5,4188.486,4189.177,4189.702,4190.324,4191.134
2027-02-01,ets_damped_s12,4190.149,2026-09-01,6,4188.619,4189.345,4189.883,4190.704,4191.627
2027-03-01,ets_damped_s12,4190.503,2026-09-01,7,4188.807,4189.556,4190.156,4191.043,4192.161
2027-04-01,ets_damped_s12,4190.789,2026-09-01,8,4188.951,4189.690,4190.423,4191.388,4192.593
2027-05-01,ets_damped_s12,4190.965,2026-09-01,9,4189.106,4189.713,4190.525,4191.458,4192.917
2027-06-01,ets_damped_s12,4190.964,2026-09-01,10,4189.066,4189.564,4190.488,4191.491,4193.237
2027-07-01,ets_damped_s12,4190.587,2026-09-01,11,4188.590,4189.122,4190.078,4191.024,4193.007
2027-08-01,ets_damped_s12,4190.023,2026-09-01,12,4187.971,4188.576,4189.428,4190.337,4192.682
2027-09-01,ets_damped_s12,4189.572,2026-09-01,13,4187.454,4188.003,4188.928,4189.928,4192.507
2027-10-01,ets_damped_s12,4189.360,2026-09-01,14,4187.049,4187.686,4188.680,4189.876,4192.589
2027-11-01,ets_damped_s12,4189.378,2026-09-01,15,4186.728,4187.635,4188.676,4189.800,4192.766
2027-12-01,ets_damped_s12,4189.526,2026-09-01,16,4186.667,4187.827,4188.769,4189.943,4192.783
2028-01-01,ets_damped_s12,4189.769,2026-09-01,17,4186.698,4187.986,4189.013,4190.285,4193.181
2028-02-01,ets_damped_s12,4190.069,2026-09-01,18,4186.853,4188.071,4189.310,4190.661,4193.597
2028-03-01,ets_damped_s12,4190.439,2026-09-01,19,4187.138,4188.322,4189.697,4191.076,4193.955
2028-04-01,ets_damped_s12,4190.738,2026-09-01,20,4187.375,4188.611,4189.930,4191.564,4194.266
2028-05-01,ets_damped_s12,4190.925,2026-09-01,21,4187.518,4188.631,4190.147,4191.757,4194.344
2028-06-01,ets_damped_s12,4190.932,2026-09-01,22,4187.477,4188.464,4190.106,4191.803,4194.288
2028-07-01,ets_damped_s12,4190.561,2026-09-01,23,4187.088,4188.030,4189.608,4191.400,4193.904
2028-08-01,ets_damped_s12,4190.002,2026-09-01,24,4186.422,4187.500,4189.054,4190.727,4193.609
2026-09-01,inflow_chain,4189.888,2026-09-01,1,4189.563,4189.707,4189.820,4189.925,4190.131
2026-10-01,inflow_chain,4189.720,2026-09-01,2,4189.094,4189.391,4189.592,4189.775,4190.025
2026-11-01,inflow_chain,4189.746,2026-09-01,3,4188.822,4189.273,4189.524,4189.799,4190.255
2026-12-01,inflow_chain,4189.929,2026-09-01,4,4188.805,4189.320,4189.606,4189.945,4190.589
2027-01-01,inflow_chain,4190.229,2026-09-01,5,4189.021,4189.474,4189.830,4190.165,4191.041
2027-02-01,inflow_chain,4190.643,2026-09-01,6,4189.250,4189.759,4190.102,4190.597,4191.474
2027-03-01,inflow_chain,4191.121,2026-09-01,7,4189.528,4190.080,4190.461,4191.044,4192.056
2027-04-01,inflow_chain,4191.523,2026-09-01,8,4189.723,4190.407,4190.750,4191.387,4192.489
2027-05-01,inflow_chain,4191.820,2026-09-01,9,4189.785,4190.564,4190.998,4191.609,4192.836
2027-06-01,inflow_chain,4191.883,2026-09-01,10,4189.609,4190.431,4190.994,4191.608,4192.866
2027-07-01,inflow_chain,4191.573,2026-09-01,11,4189.211,4189.974,4190.519,4191.277,4192.474
2027-08-01,inflow_chain,4191.007,2026-09-01,12,4188.452,4189.325,4189.819,4190.815,4191.968
2027-09-01,inflow_chain,4190.582,2026-09-01,13,4187.888,4188.653,4189.288,4190.399,4191.932
2027-10-01,inflow_chain,4190.456,2026-09-01,14,4187.541,4188.311,4188.958,4190.317,4192.018
2027-11-01,inflow_chain,4190.520,2026-09-01,15,4187.413,4188.238,4188.868,4190.367,4192.500
2027-12-01,inflow_chain,4190.726,2026-09-01,16,4187.489,4188.315,4189.038,4190.575,4192.595
2028-01-01,inflow_chain,4191.044,2026-09-01,17,4187.657,4188.471,4189.294,4190.876,4192.871
2028-02-01,inflow_chain,4191.459,2026-09-01,18,4187.939,4188.689,4189.644,4191.280,4193.194
2028-03-01,inflow_chain,4191.935,2026-09-01,19,4188.237,4189.009,4190.089,4191.628,4193.653
2028-04-01,inflow_chain,4192.337,2026-09-01,20,4188.510,4189.329,4190.435,4192.055,4194.015
2028-05-01,inflow_chain,4192.611,2026-09-01,21,4188.642,4189.481,4190.517,4192.401,4194.039
2028-06-01,inflow_chain,4192.659,2026-09-01,22,4188.593,4189.443,4190.500,4192.357,4193.953
2028-07-01,inflow_chain,4192.338,2026-09-01,23,4187.998,4189.032,4190.095,4192.035,4193.896
2028-08-01,inflow_chain,4191.776,2026-09-01,24,4187.219,4188.414,4189.464,4191.465,4193.204
2026-09-01,naive_last,4190.326,2026-09-01,1,4189.692,4189.959,4190.316,4190.549,4190.967
2026-10-01,naive_last,4190.326,2026-09-01,2,4189.158,4189.622,4190.281,4190.738,4191.601
2026-11-01,naive_last,4190.326,2026-09-01,3,4188.681,4189.271,4190.254,4190.912,4192.068
2026-12-01,naive_last,4190.326,2026-09-01,4,4188.419,4189.041,4190.172,4191.015,4192.538
2027-01-01,naive_last,4190.326,2026-09-01,5,4188.068,4188.881,4190.104,4191.098,4192.760
2027-02-01,naive_last,4190.326,2026-09-01,6,4187.952,4188.863,4190.039,4191.149,4192.977
2027-03-01,naive_last,4190.326,2026-09-01,7,4187.892,4188.765,4189.922,4191.056,4193.136
2027-04-01,naive_last,4190.326,2026-09-01,8,4187.955,4188.854,4189.869,4190.983,4192.984
2027-05-01,naive_last,4190.326,2026-09-01,9,4188.027,4188.845,4189.831,4190.851,4192.760
2027-06-01,naive_last,4190.326,2026-09-01,10,4188.209,4188.908,4189.706,4190.777,4192.622
2027-07-01,naive_last,4190.326,2026-09-01,11,4188.405,4188.838,4189.576,4190.691,4192.868
2027-08-01,naive_last,4190.326,2026-09-01,12,4188.390,4188.756,4189.499,4190.695,4193.523
2027-09-01,naive_last,4190.326,2026-09-01,13,4187.958,4188.733,4189.434,4190.550,4193.253
2027-10-01,naive_last,4190.326,2026-09-01,14,4187.525,4188.702,4189.441,4190.655,4193.091
2027-11-01,naive_last,4190.326,2026-09-01,15,4187.194,4188.517,4189.409,4190.720,4193.040
2027-12-01,naive_last,4190.326,2026-09-01,16,4186.835,4188.373,4189.409,4190.961,4193.226
2028-01-01,naive_last,4190.326,2026-09-01,17,4186.684,4188.139,4189.390,4191.144,4193.200
2028-02-01,naive_last,4190.326,2026-09-01,18,4186.552,4188.106,4189.431,4191.295,4193.274
2028-03-01,naive_last,4190.326,2026-09-01,19,4186.450,4188.097,4189.393,4191.173,4193.267
2028-04-01,naive_last,4190.326,2026-09-01,20,4186.462,4188.076,4189.347,4191.182,4193.245
2028-05-01,naive_last,4190.326,2026-09-01,21,4186.541,4188.035,4189.285,4190.939,4193.428
2028-06-01,naive_last,4190.326,2026-09-01,22,4186.716,4187.992,4189.476,4191.020,4193.225
2028-07-01,naive_last,4190.326,2026-09-01,23,4186.833,4187.719,4189.395,4190.955,4193.323
2028-08-01,naive_last,4190.326,2026-09-01,24,4186.788,4187.588,4189.440,4190.577,4193.685
2026-09-01,naive_seasonal,4191.223,2026-09-01,1,4189.288,4189.680,4190.453,4192.170,4194.621
2026-10-01,naive_seasonal,4191.171,2026-09-01,2,4189.236,4189.628,4190.401,4192.088,4194.553
2026-11-01,naive_seasonal,4191.243,2026-09-01,3,4189.308,4189.700,4190.473,4192.077,4194.613
2026-12-01,naive_seasonal,4191.364,2026-09-01,4,4189.429,4189.821,4190.594,4192.103,4194.678
2027-01-01,naive_seasonal,4191.684,2026-09-01,5,4189.748,4190.141,4190.914,4192.416,4194.925
2027-02-01,naive_seasonal,4191.871,2026-09-01,6,4189.936,4190.328,4191.101,4192.429,4195.090
2027-03-01,naive_seasonal,4192.203,2026-09-01,7,4190.268,4190.660,4191.433,4192.750,4195.401
2027-04-01,naive_seasonal,4192.257,2026-09-01,8,4190.321,4190.713,4191.479,4192.754,4195.454
2027-05-01,naive_seasonal,4192.032,2026-09-01,9,4190.097,4190.486,4191.231,4192.472,4195.230
2027-06-01,naive_seasonal,4191.557,2026-09-01,10,4189.621,4190.000,4190.749,4191.926,4194.754
2027-07-01,naive_seasonal,4190.923,2026-09-01,11,4188.988,4189.353,4190.097,4191.293,4194.121
2027-08-01,naive_seasonal,4190.326,2026-09-01,12,4188.390,4188.756,4189.499,4190.695,4193.523
2027-09-01,naive_seasonal,4191.223,2026-09-01,13,4187.686,4188.572,4190.723,4192.090,4194.582
2027-10-01,naive_seasonal,4191.171,2026-09-01,14,4187.634,4188.520,4190.571,4192.018,4194.530
2027-11-01,naive_seasonal,4191.243,2026-09-01,15,4187.706,4188.592,4190.627,4192.063,4194.602
2027-12-01,naive_seasonal,4191.364,2026-09-01,16,4187.827,4188.713,4190.705,4192.179,4194.723
2028-01-01,naive_seasonal,4191.684,2026-09-01,17,4188.146,4189.032,4190.951,4192.283,4195.043
2028-02-01,naive_seasonal,4191.871,2026-09-01,18,4188.334,4189.220,4191.130,4192.449,4195.230
2028-03-01,naive_seasonal,4192.203,2026-09-01,19,4188.666,4189.552,4191.461,4192.744,4195.562
2028-04-01,naive_seasonal,4192.257,2026-09-01,20,4188.719,4189.605,4191.510,4192.547,4195.616
2028-05-01,naive_seasonal,4192.032,2026-09-01,21,4188.495,4189.359,4191.233,4192.284,4195.391
2028-06-01,naive_seasonal,4191.557,2026-09-01,22,4188.019,4188.827,4190.671,4191.808,4194.916
2028-07-01,naive_seasonal,4190.923,2026-09-01,23,4187.386,4188.189,4190.038,4191.175,4194.282
2028-08-01,naive_seasonal,4190.326,2026-09-01,24,4186.788,4187.588,4189.440,4190.577,4193.685
2026-09-01,swe_head,4189.877,2026-09-01,1,4189.622,4189.789,4189.897,4189.979,4190.173
2026-10-01,swe_head,4189.625,2026-09-01,2,4189.200,4189.480,4189.639,4189.805,4190.113
2026-11-01,swe_head,4189.603,2026-09-01,3,4188.912,4189.379,4189.600,4189.817,4190.339
2026-12-01,swe_head,4189.703,2026-09-01,4,4188.934,4189.413,4189.698,4189.931,4190.679
2027-01-01,swe_head,4189.956,2026-09-01,5,4189.094,4189.604,4189.946,4190.215,4191.036
2027-02-01,swe_head,4190.276,2026-09-01,6,4189.235,4189.864,4190.212,4190.567,4191.391
2027-03-01,swe_head,4190.658,2026-09-01,7,4189.367,4190.211,4190.543,4190.913,4191.963
2027-04-01,swe_head,4190.936,2026-09-01,8,4189.484,4190.273,4190.789,4191.159,4192.448
2027-05-01,swe_head,4191.081,2026-09-01,9,4189.571,4190.368,4190.873,4191.328,4192.832
2027-06-01,swe_head,4191.035,2026-09-01,10,4189.275,4190.296,4190.682,4191.261,4193.154
2027-07-01,swe_head,4190.570,2026-09-01,11,4188.742,4189.674,4190.128,4190.845,4192.783
2027-08-01,swe_head,4189.970,2026-09-01,12,4188.061,4188.925,4189.432,4190.099,4192.439
2027-09-01,swe_head,4189.655,2026-09-01,13,4187.726,4188.434,4189.007,4189.710,4192.740
2027-10-01,swe_head,4189.461,2026-09-01,14,4187.427,4188.002,4188.751,4189.424,4192.930
2027-11-01,swe_head,4189.403,2026-09-01,15,4187.145,4187.830,4188.568,4189.410,4193.165
2027-12-01,swe_head,4189.541,2026-09-01,16,4187.049,4187.930,4188.652,4189.570,4193.420
2028-01-01,swe_head,4189.811,2026-09-01,17,4187.002,4188.040,4188.760,4189.976,4193.705
2028-02-01,swe_head,4190.167,2026-09-01,18,4187.119,4188.259,4189.059,4190.176,4194.058
2028-03-01,swe_head,4190.568,2026-09-01,19,4187.045,4188.505,4189.458,4190.709,4194.420
2028-04-01,swe_head,4190.902,2026-09-01,20,4187.190,4188.570,4189.674,4191.102,4194.820
2028-05-01,swe_head,4191.071,2026-09-01,21,4186.975,4188.611,4189.967,4191.199,4195.005
2028-06-01,swe_head,4191.026,2026-09-01,22,4186.334,4188.492,4189.888,4191.060,4194.938
2028-07-01,swe_head,4190.565,2026-09-01,23,4185.641,4187.915,4189.407,4190.851,4194.381
2028-08-01,swe_head,4189.953,2026-09-01,24,4184.989,4187.205,4188.760,4190.607,4193.691
2026-09-01,swe_regression,4189.874,2026-09-01,1,4189.681,4189.793,4189.901,4189.994,4190.220
2026-10-01,swe_regression,4189.625,2026-09-01,2,4189.213,4189.482,4189.644,4189.837,4190.178
2026-11-01,swe_regression,4189.599,2026-09-01,3,4189.007,4189.391,4189.610,4189.849,4190.356
2026-12-01,swe_regression,4189.715,2026-09-01,4,4189.060,4189.435,4189.729,4190.006,4190.841
2027-01-01,swe_regression,4189.974,2026-09-01,5,4189.140,4189.628,4189.961,4190.259,4191.243
2027-02-01,swe_regression,4190.321,2026-09-01,6,4189.358,4189.904,4190.259,4190.671,4191.750
2027-03-01,swe_regression,4190.755,2026-09-01,7,4189.588,4190.245,4190.679,4191.183,4192.280
2027-04-01,swe_regression,4191.086,2026-09-01,8,4189.689,4190.444,4191.019,4191.547,4192.731
2027-05-01,swe_regression,4191.230,2026-09-01,9,4189.670,4190.479,4191.108,4191.737,4192.987
2027-06-01,swe_regression,4191.207,2026-09-01,10,4189.595,4190.350,4191.072,4191.694,4193.012
2027-07-01,swe_regression,4190.750,2026-09-01,11,4189.000,4189.745,4190.474,4191.167,4192.578
2027-08-01,swe_regression,4190.147,2026-09-01,12,4188.282,4188.984,4189.781,4190.689,4192.358
2027-09-01,swe_regression,4189.753,2026-09-01,13,4187.821,4188.450,4189.240,4190.338,4192.226
2027-10-01,swe_regression,4189.567,2026-09-01,14,4187.491,4188.125,4188.900,4190.266,4192.234
2027-11-01,swe_regression,4189.579,2026-09-01,15,4187.222,4188.049,4188.763,4190.293,4192.558
2027-12-01,swe_regression,4189.749,2026-09-01,16,4187.313,4188.048,4188.947,4190.582,4192.956
2028-01-01,swe_regression,4190.031,2026-09-01,17,4187.588,4188.239,4189.127,4190.759,4193.225
2028-02-01,swe_regression,4190.395,2026-09-01,18,4187.610,4188.541,4189.534,4191.120,4193.495
2028-03-01,swe_regression,4190.813,2026-09-01,19,4187.836,4188.785,4189.872,4191.737,4193.882
2028-04-01,swe_regression,4191.174,2026-09-01,20,4188.121,4189.044,4190.225,4192.159,4194.191
2028-05-01,swe_regression,4191.364,2026-09-01,21,4188.219,4189.192,4190.392,4192.303,4194.176
2028-06-01,swe_regression,4191.336,2026-09-01,22,4188.184,4189.027,4190.207,4192.275,4194.072
2028-07-01,swe_regression,4190.880,2026-09-01,23,4187.459,4188.509,4189.694,4191.753,4193.516
2028-08-01,swe_regression,4190.273,2026-09-01,24,4186.683,4187.860,4189.063,4191.123,4193.150
2026-09-01,theta,4190.323,2026-09-01,1,4189.691,4189.954,4190.314,4190.546,4190.965
2026-10-01,theta,4190.321,2026-09-01,2,4189.155,4189.619,4190.277,4190.733,4191.596
2026-11-01,theta,4190.318,2026-09-01,3,4188.671,4189.266,4190.249,4190.901,4192.064
2026-12-01,theta,4190.316,2026-09-01,4,4188.410,4189.026,4190.151,4190.995,4192.536
2027-01-01,theta,4190.313,2026-09-01,5,4188.043,4188.868,4190.097,4191.076,4192.755
2027-02-01,theta,4190.311,2026-09-01,6,4187.936,4188.855,4190.019,4191.124,4192.965
2027-03-01,theta,4190.308,2026-09-01,7,4187.876,4188.744,4189.888,4191.036,4193.118
2027-04-01,theta,4190.306,2026-09-01,8,4187.937,4188.816,4189.836,4190.959,4192.979
2027-05-01,theta,4190.303,2026-09-01,9,4187.982,4188.810,4189.785,4190.829,4192.741
2027-06-01,theta,4190.301,2026-09-01,10,4188.163,4188.877,4189.686,4190.756,4192.595
2027-07-01,theta,4190.298,2026-09-01,11,4188.384,4188.821,4189.525,4190.650,4192.859
2027-08-01,theta,4190.296,2026-09-01,12,4188.353,4188.727,4189.468,4190.673,4193.513
2027-09-01,theta,4190.293,2026-09-01,13,4187.923,4188.696,4189.407,4190.528,4193.239
2027-10-01,theta,4190.291,2026-09-01,14,4187.503,4188.671,4189.383,4190.606,4193.076
2027-11-01,theta,4190.288,2026-09-01,15,4187.127,4188.441,4189.371,4190.666,4193.024
2027-12-01,theta,4190.285,2026-09-01,16,4186.814,4188.324,4189.346,4190.922,4193.207
2028-01-01,theta,4190.283,2026-09-01,17,4186.645,4188.082,4189.332,4191.094,4193.148
2028-02-01,theta,4190.280,2026-09-01,18,4186.497,4188.035,4189.391,4191.284,4193.220
2028-03-01,theta,4190.278,2026-09-01,19,4186.398,4188.058,4189.344,4191.111,4193.242
2028-04-01,theta,4190.275,2026-09-01,20,4186.428,4187.998,4189.305,4191.170,4193.220
2028-05-01,theta,4190.273,2026-09-01,21,4186.502,4187.944,4189.222,4190.919,4193.398
2028-06-01,theta,4190.270,2026-09-01,22,4186.680,4187.921,4189.374,4190.951,4193.194
2028-07-01,theta,4190.268,2026-09-01,23,4186.790,4187.603,4189.348,4190.878,4193.297
2028-08-01,theta,4190.265,2026-09-01,24,4186.699,4187.497,4189.358,4190.537,4193.664
