elev_ft_ngvd29,elev_ft_navd88,area_km2,volume_kaf
4166.6,4170.08,0.0,0.0
4166.7,4170.18,6.06,0.0
4166.8,4170.28,13.73,0.3
4166.9,4170.38,16.68,0.7
4167.0,4170.48,19.17,1.1
4167.1,4170.58,21.27,1.6
4167.2,4170.68,23.3,2.2
4167.3,4170.78,25.46,2.8
4167.4,4170.88,27.77,3.4
4167.5,4170.98,31.62,4.1
4167.6,4171.08,38.48,5.0
4167.7,4171.18,45.34,6.0
4167.8,4171.28,49.83,7.2
4167.9,4171.38,53.83,8.5
4168.0,4171.48,57.27,9.9
4168.1,4171.58,61.81,11.3
4168.2,4171.68,68.66,13.0
4168.3,4171.78,76.3,14.7
4168.4,4171.88,88.54,16.8
4168.5,4171.98,106.82,19.2
4168.6,4172.08,153.03,22.4
4168.7,4172.18,199.43,26.7
4168.8,4172.28,219.64,31.9
4168.9,4172.38,234.04,37.5
4169.0,4172.48,247.37,43.5
4169.1,4172.58,259.87,49.7
4169.2,4172.68,272.0,56.3
4169.3,4172.78,284.34,63.2
4169.4,4172.88,298.54,70.4
4169.5,4172.98,314.94,78.0
4169.6,4173.08,333.66,86.0
4169.7,4173.18,350.71,94.4
4169.8,4173.28,363.09,103.2
4169.9,4173.38,372.94,112.3
4170.0,4173.48,382.54,121.7
4170.1,4173.58,391.75,131.3
4170.2,4173.68,401.12,141.1
4170.3,4173.78,410.83,151.1
4170.4,4173.88,421.25,161.3
4170.5,4173.98,432.54,171.9
4170.6,4174.08,446.86,182.8
4170.7,4174.18,463.15,194.0
4170.8,4174.28,474.7,205.6
4170.9,4174.38,484.07,217.4
4171.0,4174.48,492.73,229.5
4171.1,4174.58,501.11,241.8
4171.2,4174.68,509.63,254.3
4171.3,4174.78,518.15,267.0
4171.4,4174.88,527.23,279.9
4171.5,4174.98,537.84,293.0
4171.6,4175.08,551.4,306.5
4171.7,4175.18,567.2,320.4
4171.8,4175.28,577.67,334.5
4171.9,4175.38,585.81,348.9
4172.0,4175.48,592.72,363.4
4172.1,4175.58,599.0,378.2
4172.2,4175.68,605.31,393.1
4172.3,4175.78,611.46,408.0
4172.4,4175.88,617.83,423.2
4172.5,4175.98,624.71,438.6
4172.6,4176.08,632.34,454.1
4172.7,4176.18,641.05,469.9
4172.8,4176.28,648.79,485.8
4172.9,4176.38,654.96,501.9
4173.0,4176.48,660.81,518.2
4173.1,4176.58,666.56,534.6
4173.2,4176.68,672.27,551.1
4173.3,4176.78,678.0,567.8
4173.4,4176.88,684.11,584.6
4173.5,4176.98,690.75,601.6
4173.6,4177.08,698.21,618.8
4173.7,4177.18,706.35,636.2
4173.8,4177.28,713.83,653.6
4173.9,4177.38,719.95,671.4
4174.0,4177.48,725.75,689.2
4174.1,4177.58,731.2,707.3
4174.2,4177.68,736.63,725.4
4174.3,4177.78,742.06,743.6
4174.4,4177.88,747.67,762.0
4174.5,4177.98,753.8,780.6
4174.6,4178.08,760.84,799.3
4174.7,4178.18,768.32,818.2
4174.8,4178.28,774.85,837.2
4174.9,4178.38,780.38,856.5
4175.0,4178.48,785.24,875.8
4175.1,4178.58,789.75,895.3
4175.2,4178.68,794.27,914.9
4175.3,4178.78,798.79,934.5
4175.4,4178.88,803.5,954.3
4175.5,4178.98,808.74,974.3
4175.6,4179.08,814.48,994.3
4175.7,4179.18,820.83,1014.6
4175.8,4179.28,826.31,1034.8
4175.9,4179.38,830.9,1055.3
4176.0,4179.48,835.18,1075.9
4176.1,4179.58,839.33,1096.6
4176.2,4179.68,843.53,1117.5
4176.3,4179.78,847.77,1138.3
4176.4,4179.88,852.15,1159.3
4176.5,4179.98,857.02,1180.4
4176.6,4180.08,862.45,1201.7
4176.7,4180.18,868.62,1223.1
4176.8,4180.28,874.02,1244.6
4176.9,4180.38,878.65,1266.2
4177.0,4180.48,883.0,1288.0
4177.1,4180.58,887.27,1309.9
4177.2,4180.68,891.59,1331.9
4177.3,4180.78,895.87,1353.9
4177.4,4180.88,900.42,1376.1
4177.5,4180.98,905.41,1398.5
4177.6,4181.08,911.05,1420.9
4177.7,4181.18,917.37,1443.5
4177.8,4181.28,922.8,1466.2
4177.9,4181.38,927.52,1489.1
4178.0,4181.48,932.01,1512.1
4178.1,4181.58,936.43,1535.2
4178.2,4181.68,940.81,1558.4
4178.3,4181.78,945.24,1581.6
4178.4,4181.88,950.08,1605.0
4178.5,4181.98,955.66,1628.6
4178.6,4182.08,962.37,1652.3
4178.7,4182.18,969.28,1676.2
4178.8,4182.28,974.96,1700.1
4178.9,4182.38,980.05,1724.3
4179.0,4182.48,984.81,1748.6
4179.1,4182.58,989.23,1773.0
4179.2,4182.68,993.56,1797.6
4179.3,4182.78,997.86,1822.1
4179.4,4182.88,1002.24,1846.8
4179.5,4182.98,1007.2,1871.6
4179.6,4183.08,1012.73,1896.6
4179.7,4183.18,1018.43,1921.7
4179.8,4183.28,1023.57,1946.9
4179.9,4183.38,1028.13,1972.3
4180.0,4183.48,1032.3,1997.7
4180.1,4183.58,1036.31,2023.3
4180.2,4183.68,1040.38,2049.0
4180.3,4183.78,1044.6,2074.7
4180.4,4183.88,1049.01,2100.6
4180.5,4183.98,1054.27,2126.6
4180.6,4184.08,1059.82,2152.7
4180.7,4184.18,1065.59,2179.0
4180.8,4184.28,1070.74,2205.3
4180.9,4184.38,1075.19,2231.8
4181.0,4184.48,1079.33,2258.5
4181.1,4184.58,1083.38,2285.2
4181.2,4184.68,1087.4,2312.1
4181.3,4184.78,1091.47,2338.9
4181.4,4184.88,1095.88,2365.9
4181.5,4184.98,1101.57,2393.1
4181.6,4185.08,1106.91,2420.4
4181.7,4185.18,1112.29,2447.9
4181.8,4185.28,1117.3,2475.3
4181.9,4185.38,1122.23,2503.0
4182.0,4185.48,1126.88,2530.8
4182.1,4185.58,1131.2,2558.7
4182.2,4185.68,1135.27,2586.8
4182.3,4185.78,1139.28,2614.8
4182.4,4185.88,1143.42,2643.0
4182.5,4185.98,1147.89,2671.3
4182.6,4186.08,1152.52,2699.8
4182.7,4186.18,1157.26,2728.3
4182.8,4186.28,1161.57,2756.9
4182.9,4186.38,1165.59,2785.7
4183.0,4186.48,1169.4,2814.5
4183.1,4186.58,1173.07,2843.5
4183.2,4186.68,1176.69,2872.6
4183.3,4186.78,1180.46,2901.6
4183.4,4186.88,1185.0,2930.8
4183.5,4186.98,1190.75,2960.2
4183.6,4187.08,1196.34,2989.7
4183.7,4187.18,1201.76,3019.4
4183.8,4187.28,1206.67,3049.0
4183.9,4187.38,1211.37,3078.9
4184.0,4187.48,1215.81,3109.0
4184.1,4187.58,1220.02,3139.1
4184.2,4187.68,1224.17,3169.3
4184.3,4187.78,1228.43,3199.5
4184.4,4187.88,1232.71,3229.9
4184.5,4187.98,1237.52,3260.5
4184.6,4188.08,1242.66,3291.1
4184.7,4188.18,1247.85,3321.9
4184.8,4188.28,1252.71,3352.7
4184.9,4188.38,1257.27,3383.8
4185.0,4188.48,1261.37,3414.9
4185.1,4188.58,1265.2,3446.2
4185.2,4188.68,1269.34,3477.5
4185.3,4188.78,1273.42,3508.8
4185.4,4188.88,1277.65,3540.4
4185.5,4188.98,1282.67,3572.0
4185.6,4189.08,1287.92,3603.8
4185.7,4189.18,1292.78,3635.7
4185.8,4189.28,1297.36,3667.6
4185.9,4189.38,1301.7,3699.7
4186.0,4189.48,1305.85,3732.0
4186.1,4189.58,1309.98,3764.3
4186.2,4189.68,1314.16,3796.8
4186.3,4189.78,1318.43,3829.2
4186.4,4189.88,1322.91,3861.9
4186.5,4189.98,1328.2,3894.6
4186.6,4190.08,1333.99,3927.6
4186.7,4190.18,1339.41,3960.6
4186.8,4190.28,1344.29,3993.7
4186.9,4190.38,1348.97,4027.0
4187.0,4190.48,1353.4,4060.4
4187.1,4190.58,1357.7,4093.9
4187.2,4190.68,1362.05,4127.6
4187.3,4190.78,1366.69,4161.1
4187.4,4190.88,1371.85,4195.0
4187.5,4190.98,1378.55,4229.0
4187.6,4191.08,1384.96,4263.2
4187.7,4191.18,1390.63,4297.5
4187.8,4191.28,1395.61,4331.8
4187.9,4191.38,1400.3,4366.4
4188.0,4191.48,1404.85,4401.1
4188.1,4191.58,1409.37,4435.9
4188.2,4191.68,1413.99,4470.8
4188.3,4191.78,1418.58,4505.7
4188.4,4191.88,1423.31,4540.8
4188.5,4191.98,1429.1,4576.1
4188.6,4192.08,1435.49,4611.5
4188.7,4192.18,1441.7,4647.1
4188.8,4192.28,1446.81,4682.6
4188.9,4192.38,1451.63,4718.5
4189.0,4192.48,1456.2,4754.5
4189.1,4192.58,1460.57,4790.5
4189.2,4192.68,1464.59,4826.7
4189.3,4192.78,1468.5,4862.8
4189.4,4192.88,1472.55,4899.2
4189.5,4192.98,1477.21,4935.7
4189.6,4193.08,1482.13,4972.2
4189.7,4193.18,1486.71,5009.0
4189.8,4193.28,1490.71,5045.6
4189.9,4193.38,1494.51,5082.5
4190.0,4193.48,1498.06,5119.5
4190.1,4193.58,1501.42,5156.6
4190.2,4193.68,1504.73,5193.8
4190.3,4193.78,1508.16,5230.9
4190.4,4193.88,1511.82,5268.2
4190.5,4193.98,1516.01,5305.7
4190.6,4194.08,1520.31,5343.2
4190.7,4194.18,1524.41,5380.9
4190.8,4194.28,1528.09,5418.5
4190.9,4194.38,1531.6,5456.3
4191.0,4194.48,1534.94,5494.2
4191.1,4194.58,1538.18,5532.2
4191.2,4194.68,1541.43,5570.3
4191.3,4194.78,1544.85,5608.3
4191.4,4194.88,1548.78,5646.6
4191.5,4194.98,1553.73,5684.9
4191.6,4195.08,1590.48,5723.4
4191.7,4195.18,1594.16,5762.8
4191.8,4195.28,1596.7,5802.1
4191.9,4195.38,1598.75,5841.6
4192.0,4195.48,1600.92,5881.2
4192.1,4195.58,1603.18,5920.8
4192.2,4195.68,1605.78,5960.5
4192.3,4195.78,1608.6,6000.0
4192.4,4195.88,1611.62,6039.8
4192.5,4195.98,1614.97,6079.8
4192.6,4196.08,1618.47,6119.7
4192.7,4196.18,1622.06,6159.8
4192.8,4196.28,1625.67,6199.8
4192.9,4196.38,1629.42,6240.0
4193.0,4196.48,1633.76,6280.4
4193.1,4196.58,1638.85,6320.9
4193.2,4196.68,1644.14,6361.5
4193.3,4196.78,1649.53,6402.0
4193.4,4196.88,1655.26,6442.9
4193.5,4196.98,1661.34,6483.9
4193.6,4197.08,1668.09,6525.1
4193.7,4197.18,1675.07,6566.4
4193.8,4197.28,1681.64,6607.7
4193.9,4197.38,1688.72,6649.4
4194.0,4197.48,1696.13,6691.3
4194.1,4197.58,1703.69,6733.3
4194.2,4197.68,1710.96,6775.5
4194.3,4197.78,1718.0,6817.7
4194.4,4197.88,1725.06,6860.3
4194.5,4197.98,1732.15,6903.1
4194.6,4198.08,1739.09,6946.0
4194.7,4198.18,1745.76,6989.1
4194.8,4198.28,1752.3,7032.2
4194.9,4198.38,1758.67,7075.6
4195.0,4198.48,1764.91,7119.2
4195.1,4198.58,1771.07,7162.9
4195.2,4198.68,1777.21,7206.8
4195.3,4198.78,1783.43,7250.6
4195.4,4198.88,1789.53,7294.8
4195.5,4198.98,1795.7,7339.1
4195.6,4199.08,1801.93,7383.6
4195.7,4199.18,1808.22,7428.3
4195.8,4199.28,1814.7,7472.8
4195.9,4199.38,1820.93,7517.8
4196.0,4199.48,1827.16,7562.9
4196.1,4199.58,1833.49,7608.2
4196.2,4199.68,1839.97,7653.6
4196.3,4199.78,1846.59,7699.0
4196.4,4199.88,1853.59,7744.8
4196.5,4199.98,1861.01,7790.7
4196.6,4200.08,1867.93,7836.8
4196.7,4200.18,1874.56,7883.1
4196.8,4200.28,1881.14,7929.3
4196.9,4200.38,1887.93,7975.9
4197.0,4200.48,1894.91,8022.7
4197.1,4200.58,1903.06,8069.7
4197.2,4200.68,1910.72,8116.9
4197.3,4200.78,1918.74,8164.0
4197.4,4200.88,1926.41,8211.5
4197.5,4200.98,1933.81,8259.3
4197.6,4201.08,1941.1,8307.2
4197.7,4201.18,1948.82,8355.3
4197.8,4201.28,1956.74,8403.4
4197.9,4201.38,1964.66,8451.9
4198.0,4201.48,1972.96,8500.6
4198.1,4201.58,1980.84,8549.5
4198.2,4201.68,1988.36,8598.6
4198.3,4201.78,1995.72,8647.6
4198.4,4201.88,2003.1,8697.0
4198.5,4201.98,2010.31,8746.7
4198.6,4202.08,2017.33,8796.5
4198.7,4202.18,2024.24,8846.5
4198.8,4202.28,2031.17,8896.4
4198.9,4202.38,2037.81,8946.7
4199.0,4202.48,2044.09,8997.2
4199.1,4202.58,2049.86,9047.8
4199.2,4202.68,2055.42,9098.6
4199.3,4202.78,2061.04,9149.2
4199.4,4202.88,2066.89,9200.3
4199.5,4202.98,2072.77,9251.5
4199.6,4203.08,2078.74,9302.8
4199.7,4203.18,2084.86,9354.3
4199.8,4203.28,2091.02,9405.7
4199.9,4203.38,2097.58,9457.5
4200.0,4203.48,2179.53,9509.5
4200.1,4203.58,2186.27,9563.5
4200.2,4203.68,2193.19,9617.7
4200.3,4203.78,2200.21,9671.8
4200.4,4203.88,2207.05,9726.3
4200.5,4203.98,2213.76,9780.9
4200.6,4204.08,2220.19,9835.8
4200.7,4204.18,2225.9,9890.8
4200.8,4204.28,2231.38,9945.6
4200.9,4204.38,2236.75,10000.9
4201.0,4204.48,2242.48,10056.3
4201.1,4204.58,2248.43,10111.8
4201.2,4204.68,2254.16,10167.5
4201.3,4204.78,2261.31,10223.1
4201.4,4204.88,2266.64,10279.1
4201.5,4204.98,2271.74,10335.2
4201.6,4205.08,2276.71,10391.4
4201.7,4205.18,2283.23,10447.8
4201.8,4205.28,2288.87,10504.1
4201.9,4205.38,2295.06,10560.8
4202.0,4205.48,2301.25,10617.7
4202.1,4205.58,2307.07,10674.6
4202.2,4205.68,2313.18,10731.8
4202.3,4205.78,2323.6,10788.9
4202.4,4205.88,2328.27,10846.4
4202.5,4205.98,2333.85,10904.1
4202.6,4206.08,2344.37,10961.9
4202.7,4206.18,2361.69,11020.1
4202.8,4206.28,2376.93,11078.4
4202.9,4206.38,2389.36,11137.4
4203.0,4206.48,2400.12,11196.6
4203.1,4206.58,2409.14,11256.1
4203.2,4206.68,2417.27,11315.8
4203.3,4206.78,2425.49,11375.4
4203.4,4206.88,2431.57,11435.4
4203.5,4206.98,2437.07,11495.7
4203.6,4207.08,2442.39,11556.0
4203.7,4207.18,2447.58,11616.5
4203.8,4207.28,2452.62,11676.8
4203.9,4207.38,2457.46,11737.5
4204.0,4207.48,2463.13,11798.4
4204.1,4207.58,2467.66,11859.4
4204.2,4207.68,2473.28,11920.5
4204.3,4207.78,2477.66,11981.4
4204.4,4207.88,2485.41,12042.8
4204.5,4207.98,2489.5,12104.3
4204.6,4208.08,2494.85,12165.9
4204.7,4208.18,2497.73,12227.7
4204.8,4208.28,2500.64,12289.2
4204.9,4208.38,2503.92,12351.1
4205.0,4208.48,2508.0,12413.0
4205.1,4208.58,2510.66,12475.1
4205.2,4208.68,2513.95,12537.3
4205.3,4208.78,2516.65,12599.2
4205.4,4208.88,2519.5,12661.5
4205.5,4208.98,2522.12,12723.8
4205.6,4209.08,2524.68,12786.2
4205.7,4209.18,2527.21,12848.7
4205.8,4209.28,2530.55,12911.0
4205.9,4209.38,2533.05,12973.6
4206.0,4209.48,2535.62,13036.3
4206.1,4209.58,2538.3,13099.0
4206.2,4209.68,2540.81,13161.8
4206.3,4209.78,2543.24,13224.4
4206.4,4209.88,2546.52,13287.3
4206.5,4209.98,2550.16,13350.4
4206.6,4210.08,2553.08,13413.5
4206.7,4210.18,2555.23,13476.7
4206.8,4210.28,2557.31,13539.6
4206.9,4210.38,2559.43,13602.9
4207.0,4210.48,2561.94,13666.2
4207.1,4210.58,2565.2,13729.6
4207.2,4210.68,2568.45,13793.1
4207.3,4210.78,2572.16,13856.4
4207.4,4210.88,2575.9,13920.0
4207.5,4210.98,2577.84,13983.8
4207.6,4211.08,2579.56,14047.6
4207.7,4211.18,2581.1,14111.4
4207.8,4211.28,2582.36,14174.9
4207.9,4211.38,2583.52,14238.8
4208.0,4211.48,2584.58,14302.7
4208.1,4211.58,2585.54,14366.7
4208.2,4211.68,2586.47,14430.6
4208.3,4211.78,2587.87,14494.3
4208.4,4211.88,2588.68,14558.3
4208.5,4211.98,2589.47,14622.4
4208.6,4212.08,2590.29,14686.4
4208.7,4212.18,2591.11,14750.5
4208.8,4212.28,2592.02,14814.3
4208.9,4212.38,2592.79,14878.4
4209.0,4212.48,2593.54,14942.6
4209.1,4212.58,2594.54,15006.7
4209.2,4212.68,2595.35,15070.9
4209.3,4212.78,2596.06,15134.8
4209.4,4212.88,2596.8,15199.0
4209.5,4212.98,2597.44,15263.3
4209.6,4213.08,2598.07,15327.5
4209.7,4213.18,2598.74,15391.8
4209.8,4213.28,2599.41,15455.8
4209.9,4213.38,2600.02,15520.1
4210.0,4213.48,2600.64,15584.4
4210.1,4213.58,2601.43,15648.7
4210.2,4213.68,2602.94,15713.1
4210.3,4213.78,2603.57,15777.2
4210.4,4213.88,2604.35,15841.6
4210.5,4213.98,2604.96,15906.0
4210.6,4214.08,2605.56,15970.4
4210.7,4214.18,2606.23,16034.9
4210.8,4214.28,2607.87,16099.1
4210.9,4214.38,2608.43,16163.6
4211.0,4214.48,2608.97,16228.1
4211.1,4214.58,2609.5,16292.6
4211.2,4214.68,2610.02,16357.2
4211.3,4214.78,2610.77,16421.4
4211.4,4214.88,2611.28,16486.0
4211.5,4214.98,2611.79,16550.6
